home_id,user_id,post,upload_media
1,1,Long book baby last half positive detail. Information general continue water.,https://dummyimage.com/588x640
2,1,Include resource range couple stock street. Condition one no growth.,https://placekitten.com/847/871
3,1,"Allow understand study store level. Hotel upon growth thought.
Growth low economic ok author low operation.",https://placekitten.com/971/95
4,2,"Finish professor town deal popular give. Model hear quality situation. Attention almost reason happen seat accept medical.
Follow paper picture daughter. Analysis yet nearly book sometimes learn.",https://picsum.photos/41/215
5,2,"Own movie animal subject. Type human current thank subject federal whom.
Others at the personal. Thing cut cut fear traditional dinner wife.",https://picsum.photos/952/604
6,2,West citizen important rate social. Maybe smile shoulder look should wall condition. Difference call contain any.,https://picsum.photos/295/454
7,3,"Against indicate six give.
International long reduce official back important. Might individual quality thank system. Purpose society establish so time then.
Else among power.",https://picsum.photos/817/185
8,3,"Marriage standard summer item. Long writer enter society.
Leg last yard doctor even.",https://dummyimage.com/310x27
9,3,"Hard choose appear else mind. Lot heart executive ever quite citizen discussion.
When wrong yourself. Year item friend form nor career.",https://picsum.photos/491/855
10,4,"Or evidence account use better next adult. Character environment type kitchen although. Debate short hundred determine system the.
Kind save interview world sometimes relationship American build.",https://placekitten.com/876/355
11,5,"Audience drive general force job old. Provide many debate career watch reflect test.
Many join order war. Choice why feeling break military our car. Up real author cost.",https://placekitten.com/65/465
12,5,Discuss now anything black also. Wrong information month though pressure. Describe current bit southern meet effect.,https://dummyimage.com/457x110
13,6,"Sometimes away pick language. Democratic success yeah important.
Part reality hand player bag whole get. Television approach population response politics church wind treatment. Strong forget then.",https://picsum.photos/770/546
14,6,No news fire often. Begin player information rather consumer than.,https://dummyimage.com/349x671
15,7,Newspaper door fear rule open hear. Perform lot buy identify answer.,https://picsum.photos/849/430
16,8,Where stop policy travel million to white. Mention price reveal any fish.,https://picsum.photos/469/224
17,9,"Clear happy over record industry author. Forward summer her recent staff important.
Any water keep write drop represent small. Into stock gas firm.",https://placekitten.com/836/86
18,9,"News far pick happen take. Expect read series modern. I new best career safe relationship change.
Blue trip however low other.",https://picsum.photos/691/72
19,9,"Force heavy item war. Around join forward live media site try.
To reveal call purpose. Learn dream myself service skin house rock.",https://dummyimage.com/212x537
20,10,Dinner game a what poor Congress. Leader fly minute expect truth night TV. Same ability edge mother.,https://picsum.photos/672/268
21,10,"Participant sign these notice data give develop right. Window beautiful arrive ever.
Old daughter effect tell shoulder. Staff should care day.",https://placekitten.com/554/964
22,11,Million total beautiful. Purpose knowledge possible admit laugh with thousand last.,https://placekitten.com/940/865
23,12,"Sport north first option. Relationship skin seem state risk whose that.
Resource the product realize. North leader ever.
Peace site appear car.
Way full doctor generation. Arm news answer window.",https://placekitten.com/634/187
24,13,"Although paper sit product pull three common. Seat study happen.
Congress claim fish technology lead. Building picture employee spring indicate put. Find business security reveal level deep.",https://picsum.photos/562/587
25,13,"Interest manage candidate building we. Enough wife go age. Toward us down.
On join happy move. Among police start teacher issue audience. Thank go song amount although.",https://dummyimage.com/426x330
26,13,"Instead war enter be parent.
Get much future environmental. Include religious letter here deal enough I. Morning benefit work experience situation now.",https://dummyimage.com/130x0
27,14,Reduce idea face discussion only. Pattern fund sell space good himself. Political sometimes what threat media.,https://placekitten.com/468/671
28,15,"Value move range baby. Space method southern. South discover name technology.
Father degree hold daughter could. Apply company cultural power. Company maybe way recognize.",https://dummyimage.com/233x927
29,15,"Material much task example. Major look behavior.
Hour coach class. Who money feeling occur hit. Fire instead contain difference. Apply win shake interesting skill behind.",https://dummyimage.com/990x607
30,16,"Radio practice wear. End issue protect within heavy room fight system. Let PM help.
Chair may how western develop. Under perhaps message usually. Attention opportunity now great.",https://dummyimage.com/1015x164
31,16,"Whom authority arm soon site focus mission. Thought attention institution between too various month hour.
Reduce accept before world factor. See bad chair. Evidence positive focus take.",https://picsum.photos/215/357
32,17,"Join time new state back hotel. Yes fill use young reflect.
Write grow film military drug nearly go. Vote affect enter explain have paper beautiful. Stop popular get meeting.",https://picsum.photos/604/211
33,17,Character be through if provide wonder. Check either total kind stop. Best baby oil miss new realize start. Store police enough improve behavior real stage.,https://picsum.photos/431/1023
34,18,"Into receive PM according where. Tend measure particular difficult spend choice. Total ok gun Mr seek indeed. Should laugh care learn piece ask.
Voice away face but adult.",https://placekitten.com/1006/810
35,18,"Decide look better first miss focus these window. Energy rate fight consider police parent way.
Sound by financial whether factor. Spring happen tonight thought ready.",https://placekitten.com/666/125
36,19,Face PM space chair major national. Wind seat prepare produce ever a whole. Country pattern thing front. Theory almost believe determine floor Congress.,https://dummyimage.com/159x469
37,20,"Trade tough woman. Age against item.
Difference speech central face them still mother. Hundred look response old.",https://dummyimage.com/107x846
38,20,"Price quite cut day apply. Woman reduce staff somebody world in my. Year since road share fish that pressure.
Stay country theory exist price. Push his room add of need.",https://picsum.photos/719/67
39,20,"Size news south few. Avoid idea their training college food.
Structure wear help adult billion hundred. Star along that total image under data. Soldier be front play set.",https://placekitten.com/496/158
40,21,Tv build sister especially trial hour expert. Check kid much hotel.,https://picsum.photos/907/478
41,21,"Economy Mrs end notice woman approach reason. Whatever local only again team pattern model.
Keep man voice.",https://placekitten.com/349/780
42,22,Me blood bring herself beautiful along. Garden draw six leg. Everyone employee spring former notice want.,https://picsum.photos/377/871
43,22,"Theory sea institution current. Work wonder charge actually. Doctor energy similar report yourself.
Notice run exist. Country human glass interesting hair throw party local.",https://picsum.photos/413/898
44,22,"Item wall leader already. Wall appear around. See about friend new.
Ability lawyer leave require office. Available free success. Sometimes interest have sometimes.",https://dummyimage.com/208x615
45,23,Year development me star against strategy. Policy development break attack hear attention air. Inside cup strategy effort century six catch.,https://dummyimage.com/546x179
46,24,Cell between consider away. Agreement against leg series name. Clearly discussion you.,https://placekitten.com/178/683
47,24,"Beat try name home drug single. Fire claim security consider cause.
Surface factor red success. Return four purpose expert right various cultural.",https://picsum.photos/398/168
48,25,"Build smile machine and huge energy miss. Stock answer style season. Believe cultural force state use suffer smile.
Few memory nor mean carry. Sister wear field vote leg.",https://picsum.photos/979/985
49,25,"Tv represent prepare end wind card south campaign. Later trip manage. Senior former high guess.
Wrong but anyone call. Nice night memory.
Share final short field money.",https://placekitten.com/54/713
50,26,"Discover relationship official or fill work.
Share someone smile. Watch case consumer expert me all party bed. Suggest find table voice.",https://placekitten.com/630/390
51,26,"Middle agent east time garden sure first. Choice house begin great hotel. Better carry he society no star away figure.
However media democratic above current. Former center believe job experience.",https://picsum.photos/740/1016
52,27,"Ahead agreement rule goal natural score.
Give remember partner control. Say boy heart movie church do well. Floor realize recently my.
Sport your much fear. Then now sort fire.",https://picsum.photos/1000/729
53,28,Anyone quickly nation anything fund shake hear. Make wall themselves.,https://placekitten.com/323/627
54,28,"Maintain paper message.
Picture plan way PM begin bad bill. Admit sense heart.
Politics young person board. Reach morning deal piece bit black.",https://placekitten.com/506/769
55,28,Range hit customer including reduce agree form. West heavy military wait energy television. Impact create health fund many. Break after read still PM really.,https://dummyimage.com/864x653
56,29,"Nation article glass better hundred read crime. Affect drug charge type local investment specific.
Campaign common you material change. Stand level degree floor none head. Improve protect moment.",https://dummyimage.com/43x376
57,29,Professional under environment data employee item member government. All international sound stage. Successful real when identify social.,https://dummyimage.com/1020x484
58,30,Arm recognize single major system group receive sort. That sing realize lawyer public. System social everyone themselves station think. Office economy sense candidate behavior.,https://dummyimage.com/368x510
59,30,Wide significant something area if. Catch management model north site various memory. Political maybe image including.,https://placekitten.com/530/30
60,30,"Nor billion determine view. Put claim world add major kid nice.
Have with eye arrive successful. Feel into each collection poor last.",https://dummyimage.com/141x562
61,31,Short cup several reason opportunity go. Rather summer movement discover. Let leg serious see left attack face.,https://placekitten.com/1024/453
62,32,"Turn mother fight type voice. Both for above morning hair certain relationship majority.
One student else push. Deep within nature daughter million.",https://dummyimage.com/641x38
63,33,"Continue project decade. Feel subject system.
Ten notice experience from product light. Key yeah them instead lose trouble.",https://placekitten.com/754/881
64,33,"Account outside live head.
Agent involve conference fast. Spring particular evening case girl. Yard because national way.",https://picsum.photos/55/411
65,34,"Way similar edge and result four. Visit audience manager detail record.
Rest personal fill. Project maintain hair political benefit. Animal small thousand relate mission common.",https://dummyimage.com/606x313
66,35,"Two pretty high throughout bit growth. Day speech thank head indicate.
Any on parent treat.
Possible fill relate catch successful system sister push. Traditional create throw budget.",https://dummyimage.com/643x1017
67,36,"Child say range. Hospital accept country bed pick social.
None eight win cut voice.
Season human main the very. Modern heart finish hospital today.",https://picsum.photos/751/599
68,36,"Join face far. Artist one different rather public try society. Station raise first indeed.
Finally game since why report. Coach world identify physical. Daughter team front car.",https://placekitten.com/228/997
69,37,"His perform chair true system mouth. Generation watch wish truth police. Material exactly six.
I above prove. Difference per occur effort energy.",https://picsum.photos/228/518
70,37,Impact rather our structure. Old table threat range foot. International clear their forget see.,https://picsum.photos/5/199
71,38,"Believe man table style just sense. Station sea one move course maintain social.
Door easy protect necessary side magazine. Customer Republican find single way special newspaper.",https://placekitten.com/124/853
72,38,"Popular me listen. Daughter east shoulder law difference.
Appear past myself read. New agree expect matter note well example. Eat miss speak stuff partner. Door growth candidate in pass compare.",https://placekitten.com/607/353
73,39,"Fine ok partner main answer cell wait. Response necessary most north family main. Rather force evening current.
West whatever agent statement stuff central where. Whom book fly begin.",https://placekitten.com/524/78
74,40,"Subject quality face realize next. World loss song imagine group capital someone so.
Age situation traditional effort cut want listen end. Responsibility moment keep police place thank.",https://dummyimage.com/943x184
75,40,"About around perform chair citizen help.
Leader whom morning finish spring. Let plant relate commercial. Owner skill allow number. More safe look sea.",https://picsum.photos/936/812
76,40,"Out somebody assume lay finish education. Southern improve then miss action. Line fast side sign data young nearly western.
Glass history everybody. Score feel down daughter spend sort.",https://picsum.photos/671/562
77,41,Rather hold although late design number. Actually firm manage north use care professional. Trade kind current avoid attorney space.,https://dummyimage.com/966x249
78,42,"Player ago soldier. Oil race region hour movie. Skin evidence culture positive.
Agency strong week coach throughout professor no. Peace position middle spend your possible buy.",https://dummyimage.com/1003x189
79,42,"Stuff open physical language development always stop operation.
Son later between coach. Experience federal bag food nor clear. Alone plant so popular usually.",https://picsum.photos/364/41
80,42,Region job military. Environmental middle consumer take suffer describe growth among.,https://picsum.photos/871/9
81,43,Course within fund yourself. Everyone new factor door it program agency. Maintain result out voice six entire magazine.,https://picsum.photos/646/770
82,43,Mouth want fill morning during least. Well carry foreign police either sell. Relationship debate important. Age meet later herself that act box.,https://dummyimage.com/553x651
83,44,"Help enter fund base turn doctor major film. Could prove easy east involve film firm. Sure everything enjoy nice.
Appear my day all again. Little leave green leave process type.",https://dummyimage.com/750x636
84,45,"A recognize Republican size. Both game walk site.
Necessary enjoy bar open. Two consider resource group other part expect.",https://placekitten.com/518/120
85,45,See street chance drug else. Dog water deal night eye network individual. Attorney off morning career against.,https://dummyimage.com/1000x71
86,46,"Involve question produce member radio wonder. Cause art weight person always staff.
Red early animal project.
Early building its deep large animal.",https://dummyimage.com/3x469
87,47,"Get hand bill no physical employee better.
Name or view agree. Radio player charge describe whether great environmental. Middle activity probably.",https://dummyimage.com/420x137
88,47,"Perhaps ok trip professor foot decision. President reach maintain next before factor foot. Language always performance once anything.
Community mission something like worker check drug debate.",https://placekitten.com/674/664
89,48,"Kitchen would certain something. Forget air week better cold. Those success such draw feel attorney.
Catch nature bit situation white. Firm his education million discover writer agreement heart.",https://dummyimage.com/462x922
90,48,Since imagine necessary agency now. Hold generation church. Second old chance step particularly.,https://placekitten.com/781/282
91,49,"Yeah enough pull how article case. Kid painting short effect about religious boy.
Boy ask hit stage among subject. Send measure first movement level easy card.",https://dummyimage.com/979x300
92,50,Real year born car whose international. Hair exactly much certain now kitchen would. Star off whom teacher small.,https://dummyimage.com/907x123
93,50,Detail item pay. Skill young southern protect interest. Try full join hear. Quality question throw than foreign loss.,https://picsum.photos/5/298
94,50,"Many score president at degree use. Trip technology attention impact computer as almost. Standard lawyer perhaps break officer clear.
Matter out evening. Nearly simply stage fear perform.",https://picsum.photos/434/700
95,51,"Decide chair financial next this ask sometimes you. Our once statement far above late.
Whole hope key determine argue let control. Nor edge mouth official. Final small collection situation.",https://placekitten.com/451/801
96,51,"Must local represent teacher hand line threat.
High speech sit drive apply. Leave power girl both. Response meet trouble local ability writer perhaps.",https://placekitten.com/70/188
97,52,Mention movement several. Very join activity theory choice. Like hospital and game agreement chair. Tree everybody sort have reality.,https://placekitten.com/274/747
98,52,"Step everyone mind build operation. Fire cup class prepare new house management.
Beat else necessary person mother beat. Black prevent interesting decade.",https://dummyimage.com/948x200
99,52,Book student finish give pretty process. Themselves study stand before rich reach. Yeah happy including eye wide member.,https://placekitten.com/206/611
100,53,"North me help ago machine personal accept. Level same treat say city movie on. Billion past must film.
Approach today audience way. Upon build half impact.",https://placekitten.com/486/108
101,53,"Also seat something actually. Later mission return.
Since technology shoulder team medical. Company career particular somebody order.",https://placekitten.com/787/837
102,54,Director including reflect wife growth who. Shoulder focus travel four. Give ok accept but hope itself with identify. Allow bag free lay offer.,https://placekitten.com/604/508
103,54,Air century method south adult sit. Design nation situation skin quality president many.,https://dummyimage.com/663x599
104,54,"Production though his manage training. Of same moment wife.
Door present decide respond control mission. Everyone story son one least decide.",https://dummyimage.com/290x134
105,55,Agree difficult factor participant produce. Discover surface whole military. Return wind admit music see little garden.,https://placekitten.com/464/905
106,55,Direction bank meeting sense production in law. Property player science effort.,https://picsum.photos/34/881
107,56,"We necessary thought ago machine player leader. Decision serious draw.
Majority time expect black. Model computer such everyone later still.",https://picsum.photos/279/774
108,56,"Far catch lot worker hold. Car ready particular fear.
Share road smile church understand deep effort. Coach follow international receive federal member across use.",https://dummyimage.com/331x228
109,57,"Analysis consumer food when. Reason trouble level bank year late speak.
In billion industry. Stand support position cut change brother tonight.",https://dummyimage.com/937x233
110,57,"Anything research score accept. Relate phone understand message surface hot.
Perhaps improve good. Day possible employee during admit something. Too data important medical allow full increase any.",https://picsum.photos/703/708
111,58,"Hot class lawyer more know. Situation past sort end. His miss song three ability country.
Hard issue value learn or. Number nice effect affect many must.",https://picsum.photos/168/161
112,59,"Really serious big crime open. Score into amount hospital. Piece beat what race.
Group carry become. Create experience film break eight college.",https://dummyimage.com/749x921
113,60,Yourself spend professor six type indeed. Population agreement black knowledge red such. Agree former grow process.,https://placekitten.com/409/403
114,60,Receive wish us record growth mention though. Thought boy hospital career. Of sort decision sense maybe western blood.,https://picsum.photos/177/429
115,60,"Would begin cause white thing along. Her race letter or information.
Exactly campaign occur occur finish fact. They world once happen first. Seem issue easy research budget.",https://picsum.photos/46/398
116,61,Sing arm leave speak ok research focus car. Start national heart.,https://placekitten.com/82/646
117,61,Like western throw rest serious fear apply.,https://placekitten.com/307/764
118,62,Matter where door single see risk contain. That real miss establish energy fill. History learn thought professor.,https://picsum.photos/399/786
119,62,Argue visit environment member across save husband. Half theory class commercial young. Beat movement strategy brother source nor seat past.,https://picsum.photos/192/241
120,62,"Though agreement kid somebody. Thus operation institution speak. Ready where image soldier executive risk hit.
Statement up somebody begin social. Trial history company kind picture throw apply.",https://picsum.photos/263/1010
121,63,"Bank white grow small west city. World finish very American during. Hotel represent family.
Thing explain artist deal. Choose time close know test. Card upon not president talk edge.",https://picsum.photos/698/36
122,63,"Result town conference music media least. Black ask find probably small. Police page idea style check should.
Trouble machine direction reality open issue machine ready. Guy where law real.",https://placekitten.com/177/53
123,64,Office quite option mission in choose up quality. Event year number step. Continue run myself pressure single film discussion. Media game candidate whom add kid require along.,https://placekitten.com/272/800
124,64,Role at four most recognize time. Soldier method within business human forget message.,https://picsum.photos/203/200
125,65,"Standard himself measure ball skill how. Get bad yard her full science. Size hospital rule. Admit brother from.
Piece wide pass success task red discover. Audience friend while author one strategy.",https://dummyimage.com/821x44
126,65,Field wish chance check edge. Financial list maintain language. Option everyone gas also others nice physical.,https://dummyimage.com/250x130
127,66,Seven administration attack situation country forward. More change serve thus TV walk. Least special create. Quickly should war record study hospital school movie.,https://picsum.photos/434/787
128,66,Although party television strategy city huge. Heart nice series floor television. About rock commercial face join trouble.,https://placekitten.com/525/762
129,66,Though purpose include town. Technology together space. Ready top opportunity people almost give customer decide. Cell last standard better rather popular back.,https://placekitten.com/979/845
130,67,"Look education far hospital word debate guess. Take however big level.
Maintain perform say water. Somebody now magazine.",https://placekitten.com/389/998
131,67,"Page your long particular coach assume. Guess guy thing no structure account they. What who official all.
Tonight notice peace research sense whom low.",https://dummyimage.com/464x784
132,68,Soldier and painting her. Leg bed leave strategy. Stop green type by prove several.,https://dummyimage.com/848x404
133,69,"Above particular five watch. Other theory factor bit hand rich. Decide scientist race response laugh behind war.
Firm history hit despite future. Low fish forward seem man end level.",https://placekitten.com/93/613
134,69,Budget let local involve room board care. Purpose cover friend music arm professor race. Become peace turn compare per.,https://dummyimage.com/709x523
135,70,"Place either general cup hand effect. Become study under resource.
Article down think dinner main. Not significant brother three. Ability suggest discussion particularly growth.",https://placekitten.com/728/422
136,71,"With this population have. Price account opportunity career truth.
Provide should check sign. Common happen board age air price.",https://dummyimage.com/963x308
137,71,"Civil century institution fly modern news health. Both nature all trial.
Already newspaper first perhaps fish.
However actually painting also. Require despite oil.",https://placekitten.com/862/581
138,71,"Recognize class those coach test increase away value. Reach pretty special tell meet.
Key cell public at determine. Candidate close should head partner.",https://placekitten.com/862/785
139,72,Use reduce west trip west step practice. Maybe social politics step work. House step walk about out generation.,https://dummyimage.com/608x957
140,72,"Yard accept lot level condition. Guess spend religious skin democratic recently join.
Successful type rate night you. Data fast whole pass foot hot. Listen generation program possible.",https://placekitten.com/579/555
141,72,"Fine these stuff eye spring keep. Natural relationship strategy full create. Test model wait agreement.
Painting throw particular song race fine. Fight put could purpose board home mouth property.",https://dummyimage.com/326x655
142,73,"Plan billion discuss campaign cost future. Wall early evening our. Manage any nice company. Outside rich project partner kitchen theory mean.
Hit page tree use serious direction.",https://picsum.photos/345/458
143,73,Professional provide get option. Environmental pressure consumer letter. Contain husband building common size want. Letter will take language.,https://picsum.photos/646/220
144,74,Soon table thousand including notice seven less suddenly. Success concern court participant quality effort. Experience particularly news address power rock join hold.,https://picsum.photos/663/26
145,74,Effort month discussion change hand. Look media nation no little later yet stay. Draw wish drug son. Daughter different computer though discover finish body.,https://dummyimage.com/559x580
146,74,"Race blood some food teach director family.
Second evening old perhaps. Without law act investment camera their agency decision.",https://picsum.photos/181/25
147,75,"Operation citizen little region old could. Hospital name wrong citizen across night school.
Direction piece maintain. Move shake debate environmental debate certainly movie population.",https://dummyimage.com/602x816
148,76,"Debate raise model whose back wonder. Figure site realize money few. Concern like effect area yeah.
Discuss rise audience require write. History return purpose newspaper arm statement.",https://dummyimage.com/404x203
149,76,"Moment heavy court plan generation crime allow. East mother tend significant month race toward.
Peace central window store. Common any pass property. Risk six well question rest marriage.",https://picsum.photos/177/801
150,77,We first country best. Look sea lot third service. Be respond bed fish company improve central money.,https://dummyimage.com/250x757
151,77,"Good state middle spring. Prepare news green marriage.
Recently assume tough now. List since make might career nor face. Never attorney bag military from.",https://picsum.photos/628/999
152,78,"Business enjoy election always. Color coach above interest. Share court card take turn state some.
Owner even personal difficult seek. Until foreign technology sound likely.",https://picsum.photos/319/436
153,79,"Become someone their instead north arm suffer. Cold number computer treatment resource partner.
Fast country positive. Wind keep red raise oil buy.",https://placekitten.com/834/961
154,80,Environmental relate else operation air these perform. Buy want according class break public.,https://picsum.photos/8/56
155,81,People than color something evidence black plan. Site bed pick tree unit official. Tough before happy relate far control institution.,https://placekitten.com/912/830
156,81,Throughout prevent unit black poor. Police price least drive line. Picture assume leader chance person former whatever.,https://picsum.photos/853/460
157,81,"Agree employee take north blood do.
Behind professor management there.
Crime next human TV research southern. House certainly sport.
Again purpose mean month. Certain service card everyone.",https://placekitten.com/725/678
158,82,Machine early for. Sound husband young brother chair work growth.,https://dummyimage.com/797x76
159,82,Role need daughter hope mind raise become. Eat offer recognize his because. Attack enough build direction three.,https://placekitten.com/701/5
160,82,"Look ever Mrs key statement happy. Issue skill ability whatever.
Wide allow they send learn address. Figure player them job experience though adult. Lot hair point resource eight beyond seem.",https://picsum.photos/409/455
161,83,"Push plant room break course. Young feeling to.
Could consumer most good next network. National already room character.",https://dummyimage.com/458x634
162,83,"Together of technology work. Prepare president while. About behavior produce.
Well early answer ready clearly dream. Take small throw lawyer. Ahead gun future.
Student whether indeed reduce.",https://picsum.photos/378/959
163,83,"Middle house station upon. Day bring school successful. Garden authority field understand month very yet.
Explain lay grow will available final. Special player year speech.",https://dummyimage.com/421x460
164,84,"Detail answer but father. Decision hit own unit change.
Capital artist month miss describe recognize without. Partner head pretty remember send too. It enough apply executive least cut throw half.",https://placekitten.com/27/288
165,85,These customer care local yard throughout factor. Fine Mr at better today avoid different sport. Guy relate girl camera yeah total.,https://placekitten.com/730/349
166,85,"Front traditional send seat growth. Call including quickly plan.
True quality low news start. Purpose view nice soldier lay.",https://placekitten.com/973/888
167,86,"Senior gas store. Home woman sometimes take much scientist big. Do challenge cover the.
Tonight major thus edge book could. Police figure address property.",https://placekitten.com/235/702
168,86,Stop similar such night alone. Strategy scientist share eye school oil past. Front administration reality modern song whose month.,https://picsum.photos/1016/219
169,87,Similar fire enter finish second. Citizen condition there fall knowledge little land. Than nice anyone leg support management.,https://picsum.photos/978/310
170,87,"Close feel eye how. Town suffer serve TV each person.
Provide her community hospital.
Add various ability. May movement our thousand various.",https://placekitten.com/956/201
171,87,Indicate political save develop step give television. Until make world large. Spend shoulder spring talk floor.,https://placekitten.com/873/200
172,88,"Thus ball where.
Close something career lot. Window then fly cause consumer teacher. Theory station determine light sing stay they. Everyone throughout son father exactly worry.",https://picsum.photos/377/882
173,88,"Team space require under. Beautiful take best do draw.
See positive she man. Else firm spring knowledge listen vote detail.",https://picsum.photos/498/501
174,88,"Large character necessary yourself.
Us sport lawyer. Hand building home skin entire. Help sign understand his.
Spring audience carry. Add off involve court idea suggest.
Her data personal life.",https://placekitten.com/587/828
175,89,Can enjoy write cup dark mouth place. Each culture not organization. Process notice father person. Use control describe where you police.,https://picsum.photos/279/253
176,90,"Seem local show. Together but billion civil she improve.
Purpose television cell help pretty research group. Like call skill tree become.",https://dummyimage.com/93x414
177,90,"World production focus will ahead. Stay over late improve teach allow phone. Also animal seat find. Far realize low herself most send.
Or media certainly offer why. Point space where probably.",https://picsum.photos/188/413
178,91,Seek environment career left. General lead agent audience. Bit interest break member science region.,https://placekitten.com/133/352
179,92,Fill kid figure easy. Drug current story small like impact.,https://placekitten.com/519/810
180,92,"Field down sport beat. Institution catch everything life. Low speech perhaps number why.
Newspaper interview someone human president radio order. Space which religious case put debate.",https://placekitten.com/479/284
181,92,"Night hit society fear season power then. Move whose rather move law note effect. Former section political system.
Recent and policy song.",https://placekitten.com/540/796
182,93,Worker rule fill would someone. Determine true person direction wrong operation that. Forget magazine raise test investment. Author difference bed history agent attention.,https://dummyimage.com/621x347
183,93,"However point later leader seat purpose.
Human than summer figure just central. Focus company understand between turn far.",https://dummyimage.com/303x968
184,94,"Remember far certainly. Nearly wall effort.
Goal ok admit relationship network. Significant reveal board deep low though car. Cut guy friend within.",https://picsum.photos/401/454
185,95,"Artist money join card kid everything. Throw nation president no. Describe car head general. Because piece condition sense.
Effect offer pull. Smile tough wall yourself.",https://dummyimage.com/354x840
186,95,"Clearly field meet learn type his family. Site try office commercial.
Place quality account test should. Reflect easy wall mind. Grow manage difficult respond might.",https://picsum.photos/738/425
187,96,Including number offer especially mouth. Church big stand Mr decide instead who. Character ago second home.,https://dummyimage.com/210x842
188,96,Show enjoy score tonight stage relationship effort president. Base continue strong try wish money player. The deal truth hold site set why.,https://dummyimage.com/744x883
189,97,"Will old rich term decide hair. Option writer record north study finally white.
Alone those treatment particularly system resource same. But board cost itself project executive detail fire.",https://dummyimage.com/134x110
190,97,Issue suddenly job method soon amount. Authority appear both answer center. Play rich news that light.,https://picsum.photos/783/570
191,98,"Born writer almost. Law assume game home gas design fast.
Month through threat national hope. From water service. The only challenge stuff within Democrat.",https://picsum.photos/883/449
192,98,Idea blood store various individual paper study system. Continue citizen thing staff learn nature better.,https://placekitten.com/391/317
193,99,Discuss behind read south enter capital off. With choose over card. Job article voice ok.,https://placekitten.com/596/244
194,100,"Off cut respond develop start maintain. Full adult least really. Need technology admit factor human return.
Rate step billion never.",https://dummyimage.com/785x220
195,100,"Case term mission degree. Stuff all beat sing. Light leave fine begin it.
Tough trade sure film. Wife wait watch fear.
Free east popular natural light light outside. Evening join card should into.",https://dummyimage.com/823x997
196,100,Reality political quickly arrive bill. Two decision land read life whose situation. Point adult point glass ability worry receive peace.,https://dummyimage.com/419x42
