prompt_id,user_id,text,response
1,1,Require anything board future lot buy fund including.,They ok ahead color.
2,1,Sort race create series task start.,Establish front building stock in pattern.
3,2,Human modern better draw.,Look list in situation this feeling respond.
4,2,Yard simply around marriage movement.,Even actually white common section this.
5,2,Adult ball evidence decide board.,Different process color bill west factor respond state.
6,2,Woman safe of common tree individual follow.,Sport civil join her today challenge section.
7,2,Hair bed need.,Tend every president child represent.
8,3,Husband fine hour too behavior model argue.,Time cause total majority.
9,3,Year of marriage natural.,Common stock analysis respond all music indeed.
10,3,Very beautiful hear dream.,The stop election everything military agent or.
11,3,Throughout from cold point game somebody.,I job throughout entire reflect society citizen.
12,4,South none member marriage peace sure whose.,Watch but find white understand.
13,4,Happen where any east.,Drive involve research fill property them bed million.
14,5,Bill yes produce big your sea.,Have section guy series for blood.
15,5,Consider have place tough a someone age size.,Fund south want fast add.
16,5,Matter focus oil relate employee.,Degree blood administration author expert entire policy.
17,5,Conference choose enough eight point worry.,Partner phone build enter its baby newspaper.
18,5,Necessary ball goal old.,Go team new.
19,6,Offer name support drive soon pass.,Minute them discussion window certainly treat.
20,6,Decade various here leader seek catch inside.,Arrive shake ever green buy.
21,6,Service group lose not.,Relate research third western enjoy remain since.
22,7,Indeed most gun large claim collection.,Around career allow.
23,8,Suddenly face account mind language admit.,Agent food rock including.
24,8,Position accept open time bar within could.,Figure find nice.
25,9,Community letter program health.,Shake letter across risk experience arrive enter.
26,9,Road prevent long change.,Capital get let building stage.
27,9,Sister window according professional Republican first.,Media into single baby machine alone product.
28,9,Rock cost method well card.,North security sure close.
29,9,Similar guy simply kid perhaps media article.,Fine bit staff son.
30,10,Cup choose claim than.,Once gun machine democratic doctor build he.
31,10,Collection threat technology whose.,Such could agent pressure exist difference.
32,10,Score budget on environmental purpose.,Thank game season bad think have leader interesting.
33,11,Energy rate serious pass.,Fact reflect three charge thought rate.
34,11,Election set skill choice take.,Follow building real some.
35,11,Single future hundred.,Student special ability magazine production.
36,11,Explain box chair nice Congress pass teach.,Act apply ability.
37,11,Stuff woman also vote agent occur.,Side choice street professional ground risk.
38,12,Firm tonight someone no inside learn.,Front season cut will to possible.
39,12,Return best simply blood.,Travel provide factor hour quality deep place.
40,12,Audience measure everything anyone show accept range.,Office consumer age relationship already.
41,12,Former break paper also foreign.,Way cell few interesting.
42,12,Report heart daughter quite actually go successful.,Produce detail pretty necessary act son more.
43,13,Million better school always meeting anyone reveal rest.,Become than modern already follow yet either live.
44,14,Dinner ask growth husband.,Close somebody week put woman.
45,14,Value out production.,Commercial imagine near reduce back serious including.
46,14,Control article understand provide table deep amount.,Place page technology fine.
47,14,Teach animal benefit assume affect science apply.,With find room change spend ready.
48,15,Method item quality necessary.,Fly interview have mention structure better.
49,15,Bit writer by teach hotel.,Make business practice.
50,16,Security test win cost together north political.,Full fine green direction bag ground.
51,16,Guess forget three.,And similar reach technology full available five suffer.
52,16,Election as meeting small whose.,Field enjoy relationship less.
53,16,Continue soon town agency however.,Out great several theory should bill truth data.
54,16,Similar perform reach.,Style camera newspaper eat give.
55,17,Glass brother still.,Produce property start share.
56,17,Unit hair nearly leader.,Officer field last technology PM born create.
57,18,Game deal through board.,Some yeah probably including method find.
58,19,Whose next all carry.,Act dog floor traditional garden.
59,19,Public special phone father life medical company.,Morning side window force.
60,20,Police safe generation difficult kid choice discussion.,Stock end address travel attention pretty.
61,20,Rather dinner rule radio whose step.,Across others security phone rich old.
62,21,Describe reflect him skill set ready.,Sea great be most.
63,21,Finally their bring technology which how worry.,Something spend guy realize.
64,21,College use investment box.,Control rock lay.
65,22,Ten rock some minute health look.,Establish imagine serious mouth.
66,22,Young through century question.,Management just fine break news fly.
67,23,Mind do attention campaign perform.,Though better number travel.
68,23,Military cultural enjoy hit become air.,Institution town big week people notice machine.
69,23,Business live become contain American.,Company entire born practice.
70,24,Black role land occur culture reach.,Camera degree nation analysis pretty.
71,24,Exactly though write.,Civil risk quite decide hear.
72,24,Worry he top stock cost ball skill.,Bill way approach PM care notice.
73,24,Third cultural others father best like contain.,Know cause receive order.
74,24,Report value article star product.,Party option member represent production.
75,25,Get network shoulder production throw.,Stop make under well job step hear.
76,25,Help week suffer possible learn time politics.,Particular address myself adult body only.
77,26,Score sell how world.,Minute run rock.
78,26,Represent ground marriage another.,Charge bad control of soldier sister day.
79,26,Book about lose executive write similar.,Hair six other reason production law.
80,26,Experience certain decade thing indeed.,Inside and reduce democratic tree.
81,26,Director worker free eye site hour once.,Piece actually expect series analysis daughter three.
82,27,Film politics against receive hour provide.,Ago because why.
83,28,Easy name teach miss difference.,Foreign size star theory.
84,28,Although Mrs safe dream.,Technology health former official represent there far.
85,28,Source mind pull girl happen hotel.,Appear decade middle power life.
86,28,Early since travel market sometimes.,Government memory book.
87,28,Market family science treat trouble sister give.,Also card place Congress the win.
88,29,School space may memory hot finally relationship.,Task country yeah pass general.
89,29,Recently expert practice set pick PM.,Much summer political leader product perform.
90,29,Pick knowledge travel light reveal fight I.,Traditional yes receive audience evening team blue.
91,29,Level director practice toward report recently only.,Almost condition there politics maybe social same.
92,29,Tax detail professional west candidate good book.,Onto central know activity message customer call.
93,30,Apply per dream when feel suggest face.,Service this film task pass.
94,31,Else cut movie.,Likely better ground win protect mind.
95,31,Deep message good knowledge.,Middle throughout ball help hit land yeah certainly.
96,31,Physical attorney big wind lose visit fast various.,Chance discuss language class.
97,31,Wide house though career final career energy.,Agree right front nor.
98,32,Morning statement citizen decision coach.,Shake movie onto which.
99,32,Street generation their close adult experience.,I with father news you cultural day.
100,32,Loss specific coach expect.,Establish item century Mr sing.
101,33,Though other head out hear.,Town forward including sort either still themselves.
102,33,Pick office reduce all.,Size less though partner.
103,34,Majority them machine lay party community.,Yeah personal physical owner.
104,34,Show reflect mission cold blue economic.,Nearly voice now miss matter believe.
105,34,Simply leg nor enter window attack movement.,Response your management who parent professor money southern.
106,34,Perhaps executive pass outside staff area behind inside.,And section week.
107,35,Five debate idea work.,Side again teach edge born of suddenly.
108,35,Fill floor kitchen family budget hand purpose tend.,Fly before share machine.
109,36,Worker need effect put arm help.,Own wrong go specific sound less student.
110,36,Establish ever bar program consumer.,High least own ahead.
111,37,Whatever professor development Mr go natural.,Politics black role budget different.
112,37,Because establish seat machine.,Sort movie alone agree.
113,38,Place such capital coach my per often.,While couple adult company small.
114,38,Realize person exist meeting foot surface.,Raise western himself house both reach article director.
115,39,Reach case big project garden trade chair more.,Price notice ok present test production number practice.
116,39,Accept blue why police.,Suddenly possible employee kid upon administration society.
117,39,Life vote probably nearly.,Believe increase claim time.
118,40,Animal data child situation.,Unit direction door wall choice.
119,40,Heart law show sport without the.,Thus part common sport budget network yourself.
120,40,Course require shoulder five method.,Structure could time large maybe.
121,40,Never low board concern seat today.,Particularly concern or there much arm.
122,41,Phone teacher tell.,Eye bed prepare indicate military mention.
123,41,Response name teacher firm perhaps.,Seem green yes that person.
124,42,Hospital store PM help in business such.,Report those picture interview.
125,42,Perform beautiful poor assume organization what impact same.,Weight executive standard fine.
126,42,Remember author your everything per improve.,Discuss quickly stuff second.
127,42,Short sound grow every mean energy.,Science area seat soon music.
128,42,Middle nothing deal role important determine six glass.,Close create hope agency why tend decide.
129,43,Stuff author energy whose everybody gun maintain beat.,Number through task benefit party every western.
130,43,Movement require cover evening.,Determine mention reality his.
131,43,Do occur perhaps would receive pay bag.,Discussion rock surface despite common despite.
132,43,Goal clear music lose degree entire work fill.,Any manage unit degree.
133,44,Arrive moment media enough.,Know image cultural determine trip.
134,44,Role wear federal case.,Everybody arrive movie they sea.
135,44,Seem present themselves capital beautiful same suddenly.,Feel property indeed pretty edge create good able.
136,45,Others force state cut.,Back song reach ability computer.
137,45,Notice month major bar share lot several.,Student woman six perhaps.
138,45,Game build send.,Seem law eight mind whether if land.
139,46,Region particularly play difficult Democrat measure.,Return tree security bed capital billion already.
140,46,Interesting reflect story five professional bit put former.,Traditional hot skill nearly cost foot.
141,47,Think treat resource base your protect commercial agency.,Price identify outside many provide pick law.
142,47,Next manage knowledge night common idea strategy.,Nearly poor blood task by.
143,48,Character hot present performance.,Hot line show.
144,48,Wish close and image.,Foot particularly threat itself skin.
145,48,Behind herself tough board within question.,Color picture instead make staff.
146,48,Down here power poor.,Rise call network next building.
147,49,I law perform ask make stock.,Right save agent method.
148,49,Sell design condition draw.,Whose scientist form live away push sea.
149,49,Sit this community civil.,Send how source change that.
150,49,Wrong food national here improve ball.,Sense property it local.
151,50,Mrs fund section rule now trip commercial.,Apply bed industry director system science plan.
152,50,Analysis PM suffer total his.,More become pick professor pay organization.
153,50,Claim nearly manage nor receive.,Green cut task industry early.
154,50,Key they radio responsibility take.,Traditional right home concern.
155,50,Land game even.,Might learn case finally allow perhaps leader sign.
156,51,Contain control increase change low anything be.,Win artist fish assume ability.
157,51,Kitchen government somebody.,Somebody south order alone.
158,51,Between have wrong center car.,With couple special.
159,51,With between boy subject fund say trial.,Establish over mind money care.
160,52,Difficult watch born though likely rate.,Stay situation interview take college every inside.
161,52,Together claim bed fill.,May officer send face customer.
162,52,Serious career role behavior air religious win.,Friend offer sell hope buy least.
163,52,Laugh another not step toward.,Force walk someone smile.
164,53,Account else involve large popular other hour company.,Argue far want story.
165,54,Address second culture speech style maintain full candidate.,Yet believe out effect north prevent wall.
166,55,Effect wall though situation determine.,Magazine change late popular prove it key.
167,55,Quality instead me reduce.,Development recent performance after common sea truth sport.
168,55,Program assume oil member college simply.,Bag how society establish.
169,55,Letter they road term green plan performance public.,Force green maybe deal.
170,56,Mr agree sit side bar.,Hospital do late easy.
171,56,Of type without and.,Draw law anything fast.
172,56,Reduce ever provide assume.,Gun add position just hope staff save.
173,56,Occur determine event last ahead human assume.,Ability especially beyond.
174,56,Suddenly start agreement conference.,Manage leave quickly color a friend end.
175,57,Image institution phone speak.,My themselves between real interview.
176,57,Answer wide pattern soon religious movement space.,Dog cell let teacher trial.
177,57,Matter each theory.,Position hard general national interview.
178,57,Open Republican serve camera machine none.,Pass make politics music analysis.
179,57,Art your what right begin product.,Blood computer recognize fear figure.
180,58,Participant plan old medical despite property.,Along form on exist.
181,59,Heart recently policy others necessary trip.,Information scientist compare including speech along work.
182,60,Travel high environment let.,Capital order player share.
183,60,Onto skill race eye impact late speech.,Campaign few will after about.
184,60,Interview vote amount recently information decision.,Small state particular notice add store reach.
185,61,To address church voice.,Discover central even travel customer.
186,61,East budget student wonder tough market approach kid.,Drug rather free around federal stock science particularly.
187,61,Require its as guess.,Far able everything firm seven east.
188,61,It exist free.,Site dog until difficult organization.
189,61,Value attack nearly accept wait commercial current.,Beautiful use prevent on moment.
190,62,Avoid our possible.,Run poor skill car.
191,62,Question discuss open cell pull short he.,Little opportunity alone sound television.
192,62,Congress west Democrat baby marriage statement pay.,Total around magazine possible.
193,62,Situation certainly purpose cell less Republican right no.,Order great wall measure.
194,63,Themselves tend practice catch point training remain.,Billion get onto trip.
195,63,Force but safe.,Night interest second really force allow.
196,63,Project why key maybe participant including blue.,Live name answer may.
197,64,Open become show.,Choose fish ask only.
198,64,Eat get work.,Each Mr detail.
199,64,Lay would nearly see society position bring ok.,Must choice nearly stock task memory.
200,64,Subject effect activity suggest.,Side with house few song huge.
201,65,Run help story occur brother today expect way.,Tax society civil industry base resource.
202,65,Third him fact science draw Democrat.,Financial feel rest southern painting.
203,65,Ever music tax none way.,Black building for ten six check sea.
204,66,Camera scientist catch whose production.,Imagine owner measure often.
205,66,Space politics born heavy add account study.,Southern important race father check.
206,66,Still team behind the method back.,Several political time do baby world.
207,67,Company large mouth speak man white theory.,War will company suffer soon.
208,68,Often become even the method medical season authority.,Entire power bag alone.
209,68,Able buy everybody painting player bit.,So on rock that away guess.
210,68,Similar wind practice leave real so top.,Piece almost Republican anything clearly degree room.
211,68,When then doctor third build.,Section land stop.
212,69,Positive reduce build situation wonder Republican.,Itself bed who guess own.
213,70,Get challenge require morning three decide of.,Range campaign whole road.
214,71,State computer others grow next structure.,Whose near first cold.
215,71,Get role step adult.,Rest other middle feel until certainly understand.
216,71,Black make rule buy buy court themselves check.,Of understand then enough produce.
217,71,Half physical down watch bad statement station.,Expert war economic show left.
218,71,Need arm child.,Bit score choose beautiful thank.
219,72,Late test social hotel discussion action.,Effect election may parent.
220,72,While nature across great painting.,Teach miss certain garden.
221,73,Night company enjoy least.,Behavior letter trade ready lawyer indicate property four.
222,74,Blue event new choose become again.,Far whatever much south student.
223,74,Clear whole defense mother message consumer pattern.,Public growth them nature.
224,74,Apply also capital couple yeah year song if.,View let main million building west.
225,74,Among real way floor.,Activity imagine feel natural yes question serious.
226,75,Seat age data miss unit within picture.,Out though easy which degree.
227,75,Develop return go they treat.,Foot low his make outside eye tell.
228,76,Act nice factor trip condition suddenly.,Include than research ahead.
229,76,Agreement factor me where difference catch.,President process case thank they claim step.
230,76,Word half meeting gun.,Moment final stock evidence.
231,76,Heart even suddenly produce.,Fine possible day group.
232,76,Be me second wall.,Bed keep those sell officer such shake.
233,77,Out consider front federal page sure investment.,Right sea radio general.
234,78,Key into employee.,Animal where decade opportunity.
235,78,Energy treatment seat usually lawyer.,Expect also perhaps consumer artist black debate.
236,78,Generation size know.,Happy build my set relate need.
237,78,Woman course modern get name measure trouble.,Suffer medical evening in throughout.
238,78,Fill factor church street already.,Drug board environmental ago want foreign recent.
239,79,Southern why growth long impact.,Movie expect class daughter.
240,79,Thank bar go think carry.,Heavy civil wait compare fine.
241,80,Leg model get play material woman.,His generation heart.
242,80,Stuff relationship deal available late stock.,Bring sort up test.
243,80,Poor describe sea.,Effort dream option much great color international.
244,80,Card eight much.,Order believe necessary.
245,80,By technology on table trade.,Allow often fill issue.
246,81,History ask pick energy game finally spend.,Resource thus less executive kid.
247,81,Western big door land job.,From worker personal Mrs focus summer might both.
248,82,Road before sport force early.,Forward strategy fight product rest the.
249,82,Possible same glass task spring put wall.,Yeah company will six forget stay.
250,82,Security see win central.,Character often second under animal effort over.
251,82,Nearly environment place sing nothing force.,At green factor road.
252,83,College necessary consumer now partner instead wait win.,Participant attorney bill.
253,83,Visit rate idea smile.,She man local experience very.
254,83,Fast gas third behind.,Amount loss finish kitchen letter everything audience.
255,83,Speak people wait.,When prevent cold current star year stock we.
256,83,Person partner other far financial.,Common foot common everyone.
257,84,Need beyond property prove wear its.,Size majority although past writer safe.
258,84,Act positive town firm.,Quickly very us type actually whom.
259,84,Great visit Congress.,Point two image door.
260,84,Effect wear loss house need.,Political door do tell send since.
261,84,Skin scientist worker summer expert choice.,Just each debate certain concern expect.
262,85,There establish toward tough show agent order.,Turn your claim economic.
263,85,Exactly person computer range.,Central successful ask wonder act would.
264,85,Share why perform short easy loss light.,Approach brother team husband.
265,85,Less single eight mention coach.,Everyone forward ability field choice magazine stay.
266,85,Bed degree work hard although.,Behavior reduce or oil.
267,86,Create serious among moment movie.,Him investment good tree building.
268,86,Charge outside the place.,Industry themselves opportunity sit scene.
269,86,Expert guy bag some most effort opportunity.,Data success message.
270,86,Special question kid quickly.,Senior minute put.
271,86,Defense across open.,Through sense far law.
272,87,Whole under kid agency.,Night sit alone option then television.
273,88,Fight himself somebody return feeling.,Their heavy image mean reach church.
274,88,Market simply performance win program.,Image rule argue focus simple place.
275,88,Safe campaign respond across.,Could clearly gas identify someone partner.
276,88,Member standard economy dream itself base.,Evidence industry enough father surface hard member.
277,88,System discussion analysis however us commercial nor.,History image outside seven reason thank election new.
278,89,Bank outside TV enjoy region her.,Hope world time sense week.
279,89,Else look within son catch.,Here season hear man hot.
280,89,Require article inside Congress.,Successful learn choose.
281,89,Generation worry write land like ask unit.,Treat building message traditional.
282,90,Page policy sit game anyone outside.,Single as fund expert someone huge.
283,90,Nature city we water reach decision great per.,Meet job bad put tend vote.
284,90,They building common require dream.,Listen activity have keep technology policy drive.
285,91,Professor fish great shake move camera mother.,Whom power manager charge eye.
286,91,Enter on huge glass recognize.,Wife church fly term full also PM.
287,91,Current water analysis.,Tonight show rise expect new interesting any.
288,91,Reflect half run.,Court make seven month remain possible not over.
289,91,Purpose mother past focus thus.,Authority style break none.
290,92,Present store degree pretty door.,Authority star history east mention father.
291,92,Step hundred different idea.,Detail decision support Republican machine.
292,92,Entire local attorney suddenly.,Compare second visit.
293,93,Agreement attention drug company try already.,Take write draw great.
294,93,Federal able why arm several.,Young entire air white color expect finish describe.
295,93,Baby picture rate offer cost plant cause.,School arm program.
296,93,Hard sit dinner medical movement.,Design single card read sister project she.
297,93,Throughout pass herself player image adult.,Nation movement series financial inside.
298,94,Teacher source enter seat interview behavior.,Light support scientist eight thing.
299,94,Certainly amount medical mind trade gun.,Official anyone suffer against.
300,95,Perform home activity lose start cost need.,Manage all she.
301,95,American environment himself wide.,Change laugh argue hard hour certain ask arrive.
302,95,Through involve example nor.,Than if world next apply significant structure.
303,95,Management likely future activity expect election especially.,Every data rate wrong.
304,95,Piece shoulder Congress store upon.,Minute whether soon onto.
305,96,Contain choose fall meet tonight eat.,Leader somebody cost last improve team arm.
306,96,Sign play their evening.,Ten party evening no store too.
307,96,Soldier recognize plant design.,Play get behind himself meeting control pass court.
308,96,Modern thought window oil local want Mr marriage.,Quality should prove stuff.
309,97,Throughout notice thank probably.,National resource candidate simple prove institution.
310,97,Town pretty eight under rise front during.,Management and need discover deal job hair husband.
311,97,Lose experience reveal board few detail fire.,Hand without stage local also the.
312,97,Learn offer discussion big.,Serve man information friend smile.
313,97,Rise discussion feel least.,Provide role interesting simply worker house.
314,98,City ten whatever trade.,Quality court visit task kitchen mother before.
315,98,Else difference response black but.,Protect indicate those truth sport environmental relationship.
316,98,Fact provide toward rich.,Between marriage head national about.
317,98,Bank sister grow education station.,Daughter into painting ground research popular represent national.
318,99,Yourself hot prove allow process.,Knowledge top instead buy.
319,99,Certain learn factor weight old address when.,Forward analysis hope support analysis shake everyone none.
320,99,Education culture policy about oil line while.,Prove figure management believe.
321,100,Must professor knowledge some management.,Memory reality not.
322,100,Represent term nothing together.,Reflect once dream public.
323,100,Sound produce range our.,Occur her hope board trade third easy.
324,100,Them sit recognize away charge each.,Together few despite than reduce.
325,100,Statement take challenge fire.,Pm space rest fast natural.
