user_id,username,email
1,karen75,parkermelissa@example.net
2,sharisellers,debbiehess@example.net
3,flucero,jamesaguirre@example.net
4,joseph73,solisdaniel@example.org
5,paul19,asutton@example.net
6,alex90,nhill@example.com
7,christopher96,monicayoung@example.net
8,briannagriffith,smarquez@example.net
9,markjacobs,jamescox@example.net
10,jjohnson,ybrown@example.com
11,davidlutz,teresaanderson@example.net
12,sandra19,jennaconner@example.net
13,cmiller,irodriguez@example.com
14,xpeters,karenhensley@example.org
15,lmartin,tammy95@example.net
16,brownjason,mgibbs@example.com
17,georgeburton,bishopsharon@example.net
18,bwashington,zwagner@example.net
19,nbenitez,dustinbarrett@example.net
20,dbarr,aedwards@example.com
21,stephanienorman,velasqueznatasha@example.com
22,joshuaatkinson,rayaaron@example.com
23,donna03,christopher61@example.net
24,holtchristopher,andrew42@example.com
25,sullivanmark,samuel88@example.com
26,tracy13,anthonyprince@example.com
27,smithanthony,whitematthew@example.net
28,petersonkevin,rebecca58@example.com
29,mckenziewanda,douglasjeffrey@example.org
30,knelson,kaitlin69@example.org
31,bherrera,harrisjeremy@example.com
32,janetmann,vburnett@example.com
33,brentgill,russellwoodard@example.com
34,victor52,genemeadows@example.org
35,jasoncarroll,samuelcalhoun@example.net
36,seanmiller,mary97@example.com
37,normandaniel,sanchezchristopher@example.org
38,iarnold,brandtlinda@example.net
39,matthewrichards,simmonscole@example.net
40,kellyrodriguez,wisevictor@example.com
41,jennifer57,panderson@example.com
42,timothy66,marcuscrane@example.org
43,jacqueline44,qdunn@example.com
44,eclarke,karlagraves@example.com
45,reynoldsjoseph,jwilliams@example.org
46,marcia43,eross@example.org
47,beth82,elizabeth71@example.com
48,christopherburnett,scott37@example.net
49,knoxdebbie,maciasjoshua@example.com
50,laurahardin,idalton@example.org
51,amy03,whenry@example.net
52,heather34,kennedyadrian@example.org
53,christine02,kenneth90@example.net
54,xjones,twhite@example.com
55,johnathan37,romancrystal@example.com
56,edavis,jonestravis@example.net
57,davidruiz,amanda10@example.org
58,thomas06,urodgers@example.com
59,faith87,bschultz@example.net
60,nfranklin,kimberlyparker@example.net
61,daniel92,dukekelly@example.net
62,vanessa93,jeffdiaz@example.com
63,carpentereric,ocarroll@example.org
64,rward,longrichard@example.com
65,emoore,cynthiamurphy@example.org
66,kimberlyhernandez,bradleywalker@example.com
67,wyattmoore,mayshawn@example.net
68,ryan84,zpratt@example.com
69,jessicawilliams,jonesjason@example.net
70,edwardhunter,zvillarreal@example.com
71,fsellers,jeannelittle@example.org
72,diazjean,estradaandrew@example.org
73,mcdonaldmichael,richardfisher@example.com
74,kristie56,davidsmith@example.com
75,tammyvillarreal,lwoodward@example.com
76,sweeneyjeffrey,eyork@example.net
77,claire41,julie86@example.net
78,chadcantrell,crystalmclaughlin@example.com
79,moorethomas,santiagoashley@example.com
80,ojohnson,olsonkara@example.net
81,tammy46,ramirezjessica@example.net
82,rachel36,deborahrichards@example.com
83,johnsondavid,tracy08@example.com
84,zbautista,karen89@example.net
85,aarias,qgriffin@example.com
86,browntheresa,zrobinson@example.org
87,andersonwilliam,lray@example.org
88,goliver,deanreed@example.net
89,gordonaustin,jodi83@example.com
90,barbaraodonnell,rogeranderson@example.net
91,dawsonelizabeth,kayla86@example.net
92,paulcrane,kristen75@example.com
93,moniqueromero,zmiller@example.net
94,george18,elewis@example.com
95,chelsea70,collinsbobby@example.com
96,smithjoseph,vshea@example.net
97,matthew35,debbiemccormick@example.org
98,zking,ginafranklin@example.net
99,orivera,mccoydavid@example.com
100,asmith,tammy48@example.com
